Everton,3,1200.0
Laerson,2,1197.1842456581453
Josias,1,1202.8157543418547
